student_id,attendance_pct,study_hours_per_day,assignment_score_pct,internal_marks_pct,previous_gpa,previous_backlogs,sleep_hours,class_participation_pct,risk_level
S0001,87.6,4.1,71.8,71.6,7.78,2,8.7,31.5,Medium
S0002,69.1,6.2,70.8,72.4,8.86,3,5.9,84.8,Medium
S0003,92.2,7.3,88.9,43.1,8.64,2,5.7,76.4,Low
S0004,83.4,5.9,81.2,76.6,9.41,2,9.0,62.4,Low
S0005,50.2,7.7,36.7,75.5,8.93,1,7.7,49.9,Low
S0006,98.7,6.4,38.2,76.0,5.86,0,4.7,73.5,Low
S0007,86.9,7.0,74.1,39.4,7.56,1,4.8,85.0,Medium
S0008,88.2,1.4,66.6,61.8,6.14,2,4.6,90.5,High
S0009,52.0,6.0,51.9,59.5,6.31,0,7.2,63.8,Medium
S0010,69.8,3.8,62.2,40.2,9.63,0,4.8,85.6,Medium
S0011,65.4,4.6,84.3,48.3,8.25,1,8.7,60.9,Medium
S0012,96.0,5.4,88.7,61.5,9.86,3,8.7,58.0,Low
S0013,80.4,7.8,71.5,79.6,6.79,2,7.0,89.2,Low
S0014,90.3,7.9,60.0,49.2,7.46,2,7.3,50.9,Medium
S0015,69.4,2.7,52.6,84.8,7.18,2,5.8,51.7,Medium
S0016,57.5,6.0,68.9,67.7,5.09,0,4.8,44.4,Medium
S0017,75.5,6.1,55.5,80.6,5.8,1,7.8,61.5,Medium
S0018,48.5,3.1,71.7,63.4,7.4,0,5.0,63.6,Medium
S0019,90.5,1.4,79.0,65.0,4.87,3,4.9,72.8,High
S0020,79.7,0.8,39.3,72.2,9.62,3,5.9,54.4,High
S0021,86.7,6.3,35.1,90.7,5.18,1,4.6,37.4,Medium
S0022,64.5,4.2,48.8,64.5,5.59,1,6.5,89.3,Medium
S0023,98.4,7.9,93.1,66.7,8.71,1,7.7,47.7,Low
S0024,94.1,4.0,77.0,71.1,5.03,3,8.1,93.8,Medium
S0025,87.8,7.8,46.2,79.3,9.45,1,7.2,36.6,Low
S0026,55.7,3.6,92.9,39.3,8.49,3,8.3,64.8,High
S0027,70.7,6.5,65.5,65.9,4.88,1,6.3,62.9,Medium
S0028,47.4,1.1,65.9,63.9,8.31,2,8.3,86.3,High
S0029,53.5,4.7,95.8,90.3,7.97,2,6.8,31.1,Medium
S0030,82.6,6.5,38.9,64.6,8.67,1,5.5,92.8,Low
S0031,86.0,7.4,49.0,63.1,9.06,3,8.7,62.5,Low
S0032,98.2,6.7,73.1,92.7,8.45,2,5.7,66.9,Low
S0033,62.9,0.8,47.7,62.0,7.72,3,4.6,60.8,High
S0034,65.4,3.3,79.2,45.9,6.27,3,5.6,22.9,High
S0035,70.8,0.9,48.9,48.0,8.34,0,6.2,59.8,Medium
S0036,55.4,1.3,41.4,40.7,9.76,0,6.1,41.1,High
S0037,52.1,5.6,48.5,35.0,7.73,2,6.9,47.4,High
S0038,71.2,5.8,62.5,60.9,8.15,1,8.5,71.9,Low
S0039,57.5,6.3,46.4,81.2,6.9,1,5.8,59.8,Medium
S0040,81.8,7.0,43.8,79.0,8.66,0,6.8,27.5,Low
S0041,69.0,6.0,90.9,36.9,9.99,1,6.0,25.8,Low
S0042,90.8,6.5,55.8,69.2,5.38,1,8.2,34.9,Medium
S0043,83.5,0.9,58.4,44.3,5.61,1,5.2,35.3,High
S0044,62.2,2.3,38.6,91.5,7.47,2,5.0,68.7,High
S0045,90.8,5.2,58.2,45.0,7.15,2,6.8,34.2,Medium
S0046,89.3,6.9,52.2,72.6,7.64,1,7.5,90.5,Low
S0047,66.3,0.5,74.7,54.6,4.77,0,8.1,36.8,High
S0048,60.9,4.4,48.4,73.5,6.72,2,7.2,27.3,High
S0049,82.5,5.6,92.7,59.7,7.71,0,8.0,90.1,Low
S0050,52.7,0.7,95.4,80.6,7.72,1,6.3,43.6,Medium
S0051,56.0,3.5,41.5,48.8,8.12,1,4.6,54.0,High
S0052,45.4,7.2,42.0,89.3,8.46,0,5.0,96.7,Low
S0053,88.3,5.5,42.5,65.0,8.03,1,4.7,95.5,Low
S0054,81.6,2.3,75.3,80.4,8.85,1,6.0,77.2,Low
S0055,83.8,6.9,42.9,86.0,7.94,3,6.7,25.5,Medium
S0056,87.9,3.1,90.4,94.9,7.46,3,6.1,67.5,Medium
S0057,70.2,6.9,84.0,48.4,7.83,0,7.0,99.1,Low
S0058,76.3,2.7,88.3,52.2,5.06,2,6.7,95.8,High
S0059,52.7,4.9,69.2,50.0,6.0,2,7.6,28.5,High
S0060,51.3,3.5,99.8,50.8,7.4,1,7.5,51.7,Medium
S0061,81.8,2.6,37.9,69.9,9.3,1,5.9,45.2,Medium
S0062,70.9,7.1,61.1,94.6,8.23,3,6.1,30.4,Low
S0063,76.1,1.9,56.1,94.4,5.0,1,7.1,75.6,Medium
S0064,87.1,1.1,96.7,66.6,7.76,0,7.2,41.9,Low
S0065,79.9,3.1,72.5,73.3,5.72,1,5.9,47.6,Medium
S0066,75.4,5.9,87.4,86.6,8.54,1,6.0,27.2,Low
S0067,75.8,6.6,46.1,91.0,9.05,1,7.6,59.8,Low
S0068,61.7,8.0,98.6,47.2,7.76,0,7.4,32.7,Low
S0069,46.7,2.7,67.4,66.7,7.75,0,5.1,54.6,Medium
S0070,69.0,3.6,67.1,85.0,6.36,3,6.5,31.5,High
S0071,56.8,1.5,98.1,53.2,6.95,0,8.5,96.3,Medium
S0072,67.5,4.8,59.7,61.4,9.25,2,4.7,31.6,Medium
S0073,91.9,8.0,60.8,94.1,8.48,2,8.3,61.8,Low
S0074,57.9,5.8,73.0,94.1,7.36,2,5.2,35.8,Medium
S0075,48.2,5.0,43.3,89.4,6.53,3,6.8,26.1,High
S0076,60.5,3.4,55.9,82.9,4.78,0,6.4,36.2,Medium
S0077,61.1,7.4,47.6,51.1,5.29,1,4.5,24.4,High
S0078,81.4,4.2,41.7,54.3,5.56,0,8.6,31.2,Medium
S0079,75.6,1.5,91.3,67.8,6.55,2,6.5,59.5,Medium
S0080,88.1,3.2,73.3,68.6,9.69,2,8.8,72.1,Low
S0081,81.5,1.0,58.3,65.3,7.28,3,5.8,27.0,High
S0082,67.4,2.0,61.6,73.2,5.79,1,8.4,55.3,Medium
S0083,89.8,0.6,63.0,59.5,5.08,0,8.7,66.5,Medium
S0084,54.2,3.9,76.2,80.0,6.36,3,7.0,38.7,High
S0085,46.2,5.3,95.2,55.0,8.99,2,5.4,49.8,Medium
S0086,50.0,3.1,95.6,54.8,6.61,3,7.6,25.7,High
S0087,84.7,3.7,60.4,42.6,8.75,1,7.0,37.6,Medium
S0088,70.4,7.7,56.4,46.3,8.91,1,8.8,57.3,Low
S0089,53.9,6.1,64.3,86.0,5.11,1,6.5,99.2,Medium
S0090,72.6,4.6,71.9,61.8,7.85,2,5.7,99.7,Medium
S0091,53.4,2.6,65.0,48.7,9.78,0,5.1,98.4,Medium
S0092,83.3,7.2,77.8,80.6,6.71,3,7.6,53.8,Low
S0093,69.5,2.3,71.0,68.2,4.78,0,8.9,26.5,Medium
S0094,66.0,2.9,55.8,36.3,9.58,1,4.6,45.9,High
S0095,61.6,7.3,57.5,54.0,9.36,1,7.8,39.0,Low
S0096,79.7,4.5,59.6,45.6,7.37,2,8.7,21.1,High
S0097,64.9,6.1,41.2,74.4,7.54,2,4.8,27.6,Medium
S0098,49.8,4.9,45.8,51.5,5.66,3,5.0,56.3,High
S0099,51.5,5.4,82.0,38.9,9.01,3,7.6,47.2,High
S0100,97.9,2.7,60.3,38.3,7.24,0,7.4,34.4,Medium
S0101,95.0,2.3,48.9,69.9,4.69,0,4.8,77.3,Medium
S0102,83.5,2.9,71.6,36.3,8.26,3,8.3,48.6,High
S0103,59.6,1.7,84.1,85.9,9.73,1,6.9,88.1,Low
S0104,98.3,7.1,51.7,44.3,9.06,0,8.6,39.3,Low
S0105,87.8,2.6,88.7,71.4,6.02,3,8.5,63.1,Medium
S0106,84.4,4.7,95.3,61.7,4.79,2,8.2,34.7,Medium
S0107,69.7,6.4,73.8,61.6,9.67,0,6.8,59.6,Low
S0108,60.0,6.4,78.5,39.3,9.65,3,5.6,32.2,Medium
S0109,50.3,3.8,38.4,83.2,7.43,2,6.8,32.9,High
S0110,94.6,4.1,96.5,88.6,8.03,2,5.0,69.0,Low
S0111,70.1,8.0,60.5,35.7,7.04,3,7.5,41.1,High
S0112,56.1,5.6,95.1,45.7,6.81,1,5.1,33.8,Medium
S0113,61.8,6.6,72.6,89.2,5.16,1,6.8,94.4,Low
S0114,76.9,7.3,35.3,68.0,5.03,2,4.7,23.4,High
S0115,54.7,6.4,37.5,44.0,5.78,0,5.8,65.2,High
S0116,92.1,1.9,79.2,47.2,9.1,0,5.5,63.9,Low
S0117,86.7,4.7,71.6,74.6,5.3,3,7.3,40.0,High
S0118,84.6,1.3,36.7,78.5,5.75,0,8.0,56.2,Medium
S0119,68.8,5.4,83.3,71.0,7.52,2,4.8,27.0,Medium
S0120,79.5,7.7,90.4,92.2,5.68,1,8.3,77.7,Low
S0121,77.1,4.3,67.3,64.6,5.4,0,8.4,37.7,Medium
S0122,80.7,3.7,65.3,53.0,7.6,2,6.0,35.5,High
S0123,49.6,0.8,35.4,63.6,6.52,3,7.5,45.2,High
S0124,67.9,7.7,86.1,56.6,7.94,1,6.3,92.2,Low
S0125,47.3,1.3,56.5,48.5,9.52,0,5.2,83.7,Medium
S0126,72.2,0.8,92.1,37.8,5.33,0,6.9,95.8,High
S0127,63.1,2.3,59.2,56.1,9.52,0,4.9,72.2,Medium
S0128,52.9,1.0,71.7,77.7,9.46,3,8.5,73.0,Medium
S0129,50.7,3.9,52.6,36.1,9.06,1,8.7,58.4,Medium
S0130,77.3,4.4,45.4,61.4,7.97,1,8.2,92.4,Medium
S0131,54.4,2.8,85.4,73.6,7.91,0,7.0,60.9,Low
S0132,95.9,0.9,67.3,71.6,8.02,1,7.0,48.4,Medium
S0133,77.0,1.3,69.9,81.6,8.3,3,8.9,71.2,Medium
S0134,64.1,3.4,97.8,83.6,4.59,1,5.6,63.7,Medium
S0135,77.5,1.0,97.6,77.7,9.77,2,4.8,29.9,Medium
S0136,46.3,5.7,90.6,41.2,7.72,0,7.0,51.4,Medium
S0137,97.7,2.1,47.2,63.5,8.8,0,6.0,45.1,Low
S0138,71.5,2.8,73.6,71.2,6.58,2,6.0,87.7,Medium
S0139,88.1,3.5,92.1,49.7,4.57,0,4.5,50.3,Medium
S0140,49.6,3.6,59.3,37.6,7.3,1,7.2,85.7,High
S0141,71.8,0.5,41.6,48.4,7.29,1,5.7,55.4,High
S0142,72.0,1.3,87.7,62.3,6.9,0,5.3,80.3,Medium
S0143,96.6,7.0,66.3,59.8,6.37,2,4.7,30.8,Medium
S0144,76.4,0.5,71.7,45.6,5.87,3,6.1,94.0,High
S0145,71.0,4.3,98.8,84.5,7.4,0,8.5,58.4,Low
S0146,59.7,4.2,74.5,90.5,6.56,3,6.0,40.8,Medium
S0147,63.2,3.0,62.6,47.1,9.83,2,7.6,39.3,Medium
S0148,73.6,3.7,59.0,90.8,5.45,2,7.9,41.2,Medium
S0149,69.1,6.4,62.1,36.1,6.26,0,6.0,49.3,Medium
S0150,46.2,6.8,42.7,90.5,6.12,3,8.2,77.4,Medium
S0151,90.4,2.5,86.7,92.1,7.49,0,7.6,96.0,Low
S0152,94.3,2.9,89.5,35.7,7.25,3,7.0,73.5,High
S0153,52.7,2.3,53.5,80.8,8.04,2,4.5,63.8,High
S0154,75.5,4.1,54.7,93.2,9.73,1,4.7,55.9,Low
S0155,51.0,5.6,91.8,89.4,6.07,0,9.0,86.3,Low
S0156,82.0,2.2,36.6,93.2,8.31,2,8.0,88.0,Medium
S0157,60.5,3.0,68.8,68.0,4.64,0,8.7,43.4,Medium
S0158,81.3,7.5,65.1,39.7,5.94,2,8.6,96.3,Medium
S0159,85.0,0.9,79.9,86.0,7.05,3,4.6,51.6,High
S0160,87.3,4.0,45.6,71.8,4.67,1,8.1,84.0,Medium
S0161,50.9,5.8,78.4,71.9,7.9,0,6.5,97.3,Low
S0162,95.4,1.6,59.5,60.0,8.23,0,8.1,76.3,Low
S0163,57.7,0.9,75.2,69.3,8.61,0,4.5,32.9,Medium
S0164,47.1,1.5,37.6,44.2,7.34,0,5.8,66.9,High
S0165,75.5,7.4,65.0,79.4,7.82,0,7.9,29.5,Low
S0166,65.4,0.6,68.9,39.5,6.68,2,8.1,83.1,High
S0167,90.6,1.9,48.9,78.8,4.73,1,7.3,42.5,Medium
S0168,89.5,0.7,44.1,85.9,5.05,3,5.9,75.6,High
S0169,62.4,1.3,47.3,63.3,8.1,3,5.9,92.8,High
S0170,97.4,5.2,57.4,65.6,9.98,3,8.9,34.5,Low
S0171,61.0,2.3,41.3,53.7,4.59,2,6.5,51.4,High
S0172,73.3,4.8,96.6,93.2,7.57,1,6.5,71.8,Low
S0173,59.1,4.9,61.3,79.0,8.63,3,7.0,53.6,Medium
S0174,96.5,6.9,87.6,57.1,9.05,0,6.3,34.0,Low
S0175,54.1,0.5,98.3,45.5,7.5,1,7.0,22.3,High
S0176,47.5,6.9,40.2,48.2,7.91,1,6.4,52.5,Medium
S0177,68.9,5.1,77.4,62.8,8.33,2,8.2,71.9,Medium
S0178,99.6,1.7,91.6,91.6,9.22,2,8.6,65.9,Low
S0179,94.0,6.3,76.2,79.0,5.17,3,8.7,32.5,Medium
S0180,86.2,6.9,62.9,47.9,9.59,3,7.0,56.1,Medium
S0181,94.0,2.4,63.0,86.6,4.64,1,6.5,49.6,Medium
S0182,94.1,7.4,37.3,57.7,9.1,3,7.7,41.9,Medium
S0183,73.5,3.9,69.7,86.1,4.92,0,8.3,78.3,Low
S0184,62.4,5.0,99.6,49.5,5.57,3,7.0,44.8,High
S0185,87.5,7.9,97.3,72.1,4.52,0,7.6,63.2,Low
S0186,81.4,3.2,37.6,90.6,6.95,3,7.9,93.9,Medium
S0187,65.6,6.6,80.9,50.5,6.34,1,7.5,63.1,Medium
S0188,50.2,2.9,54.6,76.6,5.41,3,7.9,69.4,High
S0189,86.1,6.5,93.7,94.2,6.98,0,5.4,25.9,Low
S0190,59.4,5.0,37.9,44.0,6.71,1,6.7,34.3,High
S0191,96.5,2.1,95.8,40.3,8.72,3,7.1,28.1,Medium
S0192,58.3,3.6,89.4,75.5,9.41,0,4.5,81.2,Low
S0193,51.8,2.9,42.6,55.4,8.09,1,8.4,86.9,Medium
S0194,90.7,1.1,38.9,39.3,5.18,0,7.2,34.9,High
S0195,53.4,0.7,89.3,63.5,6.12,1,5.1,37.5,High
S0196,54.9,3.1,45.1,80.2,9.52,1,8.2,45.9,Medium
S0197,78.0,0.6,69.8,52.1,4.99,2,7.7,67.3,High
S0198,93.1,1.7,94.5,55.1,6.74,1,7.9,69.7,Medium
S0199,55.8,5.9,71.9,85.7,9.68,0,6.3,74.9,Low
S0200,62.1,5.8,60.8,66.2,9.73,0,8.3,92.4,Low
S0201,87.8,6.0,63.9,85.6,6.76,3,6.4,43.6,Medium
S0202,98.5,2.9,39.1,61.8,8.17,3,7.1,72.7,Medium
S0203,72.5,7.2,98.0,92.2,7.01,0,4.5,64.8,Low
S0204,52.9,5.0,55.2,74.0,8.64,0,7.4,44.5,Low
S0205,45.8,1.4,47.3,42.0,4.67,0,7.7,92.6,High
S0206,57.6,1.6,53.6,88.1,5.29,3,7.1,27.6,High
S0207,52.3,5.7,97.7,64.4,7.88,2,6.7,77.0,Medium
S0208,82.3,1.8,41.1,43.5,5.78,3,8.1,78.2,High
S0209,51.7,4.3,91.4,44.2,8.16,1,7.6,93.2,Medium
S0210,72.8,7.9,81.0,76.3,6.43,2,5.8,61.5,Low
S0211,83.2,0.5,89.0,37.8,9.38,0,8.8,45.7,Medium
S0212,77.0,0.6,98.4,52.2,9.01,2,7.7,86.2,Medium
S0213,56.0,7.9,89.7,43.4,7.21,2,8.9,81.7,Medium
S0214,89.2,4.9,96.3,61.5,8.75,1,8.9,60.0,Low
S0215,84.3,1.5,43.3,59.9,5.99,2,8.6,81.4,High
S0216,85.6,7.2,86.7,66.3,7.22,2,7.9,41.4,Low
S0217,52.2,7.1,70.5,51.8,5.59,1,7.2,67.2,Medium
S0218,51.8,4.5,70.3,36.9,9.23,0,5.3,89.2,Medium
S0219,96.0,5.2,93.4,71.9,9.03,0,6.9,45.4,Low
S0220,66.9,2.5,98.2,57.4,9.46,3,7.9,58.7,Medium
S0221,61.6,0.9,80.8,74.1,9.33,1,6.8,96.1,Medium
S0222,71.9,5.0,66.4,41.5,9.78,1,8.4,83.9,Low
S0223,81.5,2.7,64.7,35.8,5.76,2,5.0,91.0,High
S0224,97.6,5.5,60.1,49.9,9.63,1,6.2,50.8,Low
S0225,60.8,6.8,58.5,62.4,7.64,1,6.8,99.7,Low
S0226,95.9,0.6,60.4,58.6,6.82,2,6.4,32.2,High
S0227,46.4,5.0,40.8,83.6,7.58,2,5.0,61.5,Medium
S0228,75.5,2.2,40.0,57.7,6.38,2,5.2,58.3,High
S0229,79.9,7.1,85.7,66.8,6.09,0,8.3,83.9,Low
S0230,50.8,2.4,64.0,70.6,5.83,1,6.7,92.7,High
S0231,52.7,5.1,95.5,36.3,4.95,1,4.7,78.5,High
S0232,68.1,4.7,74.8,65.9,7.23,2,4.6,70.1,Medium
S0233,98.1,3.5,37.3,55.7,9.38,0,6.6,54.2,Low
S0234,77.8,5.6,45.2,60.3,7.97,0,5.2,60.8,Low
S0235,96.3,5.9,48.4,41.0,7.37,3,7.7,60.7,Medium
S0236,89.2,4.8,98.4,82.0,6.86,2,8.1,21.6,Low
S0237,70.7,6.2,49.2,91.5,7.05,3,5.5,60.2,Medium
S0238,88.2,7.9,68.5,36.3,5.65,1,7.2,88.5,Medium
S0239,46.0,3.6,95.9,71.1,9.03,3,5.2,76.7,Medium
S0240,51.0,4.4,98.5,80.8,5.59,1,5.9,83.7,Medium
S0241,90.6,0.6,50.4,52.1,8.44,2,8.5,51.2,High
S0242,88.8,6.5,38.2,82.3,8.68,0,6.9,62.3,Low
S0243,57.8,4.4,45.0,72.9,7.66,3,8.5,22.7,High
S0244,74.2,3.6,39.1,90.7,9.25,1,5.5,50.6,Low
S0245,78.3,1.2,47.7,93.9,6.1,3,6.0,58.0,High
S0246,92.7,7.2,72.0,37.5,9.35,1,6.6,40.4,Low
S0247,78.2,3.5,94.3,61.7,8.51,3,6.7,22.5,Medium
S0248,67.7,5.6,69.9,67.8,8.89,1,9.0,75.2,Low
S0249,65.6,1.6,75.7,43.8,8.16,0,5.0,54.8,Medium
S0250,68.4,7.7,48.1,55.2,9.15,0,8.3,53.3,Low
S0251,80.9,1.8,87.0,94.3,9.96,2,8.4,40.0,Low
S0252,92.7,2.0,75.2,36.0,6.81,0,7.0,63.0,Medium
S0253,70.0,6.9,91.2,62.2,8.98,1,6.0,55.0,Low
S0254,58.6,7.3,96.7,85.6,8.6,2,6.8,57.9,Low
S0255,58.0,2.1,57.6,54.4,6.99,1,5.8,66.5,High
S0256,86.0,4.0,40.9,63.8,9.6,0,8.1,20.5,Low
S0257,89.9,6.0,49.7,93.7,6.67,2,6.7,92.6,Low
S0258,50.8,7.1,63.5,63.5,7.61,2,8.7,25.7,Medium
S0259,48.7,3.3,96.5,42.9,5.08,2,7.3,56.1,High
S0260,77.7,4.4,59.6,38.1,5.74,3,6.8,36.6,High
S0261,53.0,6.1,85.1,91.7,9.12,0,7.7,61.9,Low
S0262,90.4,6.0,70.1,50.9,6.68,1,6.8,42.4,Medium
S0263,62.1,6.4,46.9,65.2,6.67,0,8.6,88.8,Low
S0264,52.9,4.8,55.8,40.4,5.85,3,5.3,51.7,High
S0265,95.7,1.3,77.5,60.4,7.2,2,8.9,71.1,Medium
S0266,54.1,7.3,78.7,90.8,8.93,0,8.2,39.9,Low
S0267,60.7,7.0,63.3,65.1,9.42,2,8.4,21.6,Low
S0268,53.4,6.5,49.9,93.3,4.89,0,6.7,52.3,Medium
S0269,51.4,1.2,81.9,50.5,7.66,1,8.3,62.9,High
S0270,46.2,2.0,46.0,65.3,7.07,2,5.9,56.8,High
S0271,48.0,6.1,95.9,86.6,7.88,2,7.9,97.0,Low
S0272,54.6,0.7,47.2,61.9,6.96,3,5.1,76.5,High
S0273,47.9,7.8,42.0,51.8,6.69,2,5.9,99.7,High
S0274,77.5,3.3,67.3,86.3,7.1,3,6.5,43.6,Medium
S0275,82.4,5.9,68.8,58.4,7.7,2,6.0,83.1,Medium
S0276,66.6,7.2,68.0,66.8,7.26,0,6.2,64.4,Low
S0277,62.5,3.5,63.4,93.6,7.1,0,8.2,68.9,Low
S0278,72.7,2.9,99.7,46.2,9.0,3,5.7,98.9,Medium
S0279,93.1,5.1,66.6,53.1,8.6,0,7.9,72.3,Low
S0280,91.8,4.9,66.1,36.9,6.38,1,4.8,91.9,Medium
S0281,47.4,3.6,62.4,58.5,8.9,0,7.9,78.1,Medium
S0282,55.0,5.0,39.3,47.0,9.2,1,8.1,30.2,Medium
S0283,58.0,7.5,73.5,75.8,5.34,2,6.3,76.0,Medium
S0284,58.7,4.0,49.8,45.9,7.7,0,7.8,58.7,Medium
S0285,76.4,2.0,76.4,75.5,6.07,1,8.6,93.5,Medium
S0286,67.9,3.3,38.3,50.8,8.57,3,8.1,84.5,High
S0287,47.7,3.5,98.8,56.3,5.81,0,6.3,28.3,Medium
S0288,65.5,1.5,65.5,55.9,8.19,0,6.7,30.7,Medium
S0289,73.8,1.7,93.3,78.0,5.9,1,8.0,25.6,Medium
S0290,50.6,5.6,65.9,63.0,7.31,3,5.8,59.5,High
S0291,90.8,3.0,38.9,56.7,9.72,1,8.1,26.5,Medium
S0292,47.9,7.7,88.4,86.2,6.6,2,6.0,77.9,Low
S0293,95.9,2.3,77.1,69.3,9.32,0,8.1,64.2,Low
S0294,50.5,1.2,85.8,47.8,9.93,2,4.9,86.9,High
S0295,91.4,6.2,62.8,89.0,9.31,0,4.7,42.4,Low
S0296,94.6,7.1,76.5,55.6,5.41,2,9.0,61.5,Medium
S0297,98.9,2.6,90.7,37.3,9.01,0,8.4,29.4,Low
S0298,89.1,2.0,76.0,64.7,4.68,3,8.5,90.8,High
S0299,87.9,1.9,57.6,42.4,6.66,1,8.8,34.0,High
S0300,80.3,4.4,78.1,49.3,9.29,0,6.5,28.2,Low
S0301,87.8,4.0,78.7,79.8,8.29,1,5.8,36.4,Low
S0302,52.4,2.4,97.4,42.8,7.43,0,5.1,84.5,Medium
S0303,74.5,0.8,59.1,83.4,6.63,0,6.8,28.5,Medium
S0304,73.3,4.1,62.6,91.2,8.97,2,5.5,69.2,Low
S0305,92.2,7.7,87.8,71.4,8.4,1,8.7,79.7,Low
S0306,70.5,5.4,67.9,77.6,7.08,1,4.5,80.1,Low
S0307,66.2,4.2,82.9,77.8,9.41,3,5.1,35.2,Medium
S0308,80.2,1.3,64.9,94.6,5.76,0,5.6,24.9,Medium
S0309,59.7,2.4,49.0,55.5,5.44,1,5.4,55.9,High
S0310,52.7,2.7,83.4,44.8,8.04,0,5.5,36.2,Medium
S0311,71.3,6.2,43.5,66.2,9.85,1,7.5,75.9,Low
S0312,67.9,7.1,47.9,67.0,5.86,1,6.0,48.5,Medium
S0313,57.8,7.3,75.7,45.7,5.87,0,7.3,55.9,Medium
S0314,65.2,7.9,83.6,71.8,5.27,0,8.5,29.1,Low
S0315,65.2,7.9,93.2,35.8,9.23,3,7.2,65.4,Medium
S0316,63.0,7.6,52.7,90.7,5.75,0,7.6,34.8,Low
S0317,65.9,1.0,42.2,50.9,7.27,3,6.1,74.3,High
S0318,82.7,1.5,97.1,37.4,9.95,3,5.2,25.7,High
S0319,61.3,2.8,45.0,41.5,4.57,1,5.9,98.1,High
S0320,97.2,4.6,47.8,49.4,7.56,1,8.8,74.8,Medium
S0321,95.4,1.2,53.9,51.4,7.32,3,7.3,34.5,High
S0322,71.5,6.8,69.4,37.0,8.94,3,5.7,21.1,High
S0323,63.1,5.1,92.4,51.8,6.45,0,6.5,46.8,Medium
S0324,74.4,4.6,84.4,46.6,6.76,3,8.3,32.2,High
S0325,91.7,1.7,81.0,57.7,5.42,3,7.5,37.5,High
S0326,80.9,2.4,46.4,58.1,8.57,0,7.0,89.8,Medium
S0327,89.2,1.7,58.2,55.3,8.82,0,8.5,68.3,Low
S0328,74.3,6.9,66.1,54.7,5.25,2,7.5,34.1,Medium
S0329,79.8,4.9,44.6,40.4,6.66,0,7.4,64.5,Medium
S0330,60.8,6.0,52.8,36.5,9.41,2,5.4,40.5,High
S0331,85.4,2.7,55.0,47.1,4.51,0,5.0,98.1,High
S0332,56.1,3.3,43.3,80.4,6.14,2,8.8,22.6,High
S0333,83.2,3.5,70.8,94.4,7.55,0,7.2,78.6,Low
S0334,92.3,6.2,80.8,90.7,6.34,0,6.4,81.8,Low
S0335,52.3,6.3,39.5,65.3,6.0,0,7.2,25.4,Medium
S0336,78.8,2.1,66.3,66.9,7.03,0,4.8,33.7,Medium
S0337,50.2,7.6,85.8,53.9,5.5,2,8.2,50.7,Medium
S0338,84.9,1.4,83.6,81.4,7.41,0,5.5,89.5,Low
S0339,49.6,7.2,88.0,80.9,8.39,3,8.1,63.0,Low
S0340,96.5,1.3,64.1,85.7,7.66,2,6.9,72.4,Medium
S0341,52.6,2.5,88.3,88.7,5.01,1,5.7,82.6,Medium
S0342,97.7,6.8,50.6,61.1,9.14,3,4.6,86.2,Medium
S0343,89.0,1.8,58.5,81.0,5.46,2,8.2,58.1,Medium
S0344,77.7,3.6,46.5,83.4,8.71,2,5.3,60.7,Medium
S0345,88.0,3.9,65.4,53.5,6.48,0,4.7,77.4,Medium
S0346,88.7,2.3,60.5,90.8,8.81,2,7.9,41.1,Low
S0347,97.0,5.8,50.7,40.7,5.63,2,6.1,88.4,High
S0348,58.9,6.9,83.9,94.7,5.53,3,6.3,21.7,Medium
S0349,77.5,7.1,55.4,81.2,7.23,1,5.6,35.7,Low
S0350,50.2,3.0,52.7,40.6,4.68,2,8.4,84.0,High
S0351,78.9,4.5,43.5,74.4,5.74,1,5.8,47.2,Medium
S0352,54.4,2.4,63.5,37.1,8.48,0,5.4,32.0,High
S0353,76.1,2.3,54.7,81.2,9.11,0,5.9,34.9,Low
S0354,76.5,1.7,59.0,83.0,4.94,3,5.4,62.5,High
S0355,70.6,7.6,50.3,71.1,9.35,2,5.9,87.7,Low
S0356,73.7,7.2,84.6,86.4,8.89,1,4.9,25.7,Low
S0357,87.0,6.3,95.5,40.9,9.28,2,5.2,22.4,Medium
S0358,89.0,4.4,67.4,51.6,8.34,0,6.4,57.2,Low
S0359,72.1,4.2,76.8,59.9,8.21,0,8.5,96.5,Low
S0360,78.0,4.5,91.4,37.5,7.39,2,4.8,42.3,High
S0361,96.2,4.5,99.9,61.9,8.09,2,5.5,96.7,Low
S0362,51.6,3.8,74.9,50.9,9.56,3,8.6,91.0,Medium
S0363,51.4,1.5,92.8,58.6,5.05,3,8.5,42.7,High
S0364,49.8,1.4,94.1,60.5,6.24,1,7.6,85.4,High
S0365,81.2,7.6,86.4,87.8,4.9,3,5.6,74.9,Medium
S0366,68.0,4.1,65.0,51.2,9.7,1,6.4,60.9,Medium
S0367,87.6,7.6,40.3,88.6,6.95,3,5.5,53.8,Medium
S0368,81.9,1.7,36.0,60.6,8.21,0,5.1,85.2,Medium
S0369,63.4,4.7,66.0,54.7,9.13,0,6.2,83.4,Low
S0370,94.4,2.1,67.1,65.2,9.95,0,7.1,80.6,Low
S0371,86.9,2.4,61.5,60.1,5.39,3,6.1,99.9,High
S0372,59.9,0.7,71.9,50.4,8.9,0,7.2,58.3,Medium
S0373,65.0,1.4,70.9,65.2,9.38,3,5.8,84.6,High
S0374,62.3,7.4,89.4,44.1,4.77,2,6.1,89.0,High
S0375,53.7,2.9,42.1,56.1,8.65,0,8.1,36.9,Medium
S0376,53.1,5.1,49.6,68.9,6.45,3,8.5,23.4,High
S0377,96.5,4.0,86.5,59.8,8.07,0,5.9,52.4,Low
S0378,69.1,3.5,90.1,84.4,7.33,0,7.1,88.5,Low
S0379,66.1,4.5,99.7,50.4,5.93,2,5.8,43.1,High
S0380,85.1,1.9,91.7,93.2,5.24,1,4.7,76.0,Medium
S0381,75.4,7.9,92.8,82.1,5.14,1,7.8,20.6,Low
S0382,96.5,6.6,55.4,93.1,5.07,0,5.3,48.4,Low
S0383,87.9,6.1,61.1,85.3,8.01,2,6.4,69.2,Low
S0384,71.4,4.0,52.4,43.5,6.43,0,6.7,30.4,High
S0385,65.7,1.6,74.4,66.6,5.69,0,5.3,91.7,Medium
S0386,99.3,7.4,96.0,45.2,8.31,2,4.9,32.5,Low
S0387,84.5,3.1,57.4,84.1,8.28,1,6.1,92.8,Low
S0388,97.3,0.9,71.2,70.0,7.47,2,8.8,37.3,Medium
S0389,51.5,3.1,54.3,50.8,9.64,0,7.3,99.5,Medium
S0390,91.8,6.5,46.0,90.8,6.62,2,6.2,68.4,Low
S0391,80.0,5.2,47.7,41.9,9.1,3,4.7,26.7,High
S0392,51.7,6.1,38.8,68.8,4.91,1,7.2,25.2,High
S0393,77.4,6.5,96.7,78.3,8.57,1,4.9,26.0,Low
S0394,82.7,2.1,61.2,38.5,9.94,2,6.9,67.2,Medium
S0395,45.7,7.4,89.2,70.9,9.16,2,7.9,84.8,Low
S0396,70.0,3.8,79.3,84.0,7.69,0,6.4,52.2,Low
S0397,90.4,5.3,47.5,39.1,7.95,2,5.8,55.6,Medium
S0398,61.2,0.5,46.4,65.7,6.44,0,4.7,67.1,High
S0399,70.2,8.0,87.8,50.5,8.24,2,4.6,62.6,Medium
S0400,69.3,2.6,52.2,74.8,8.74,3,6.4,75.0,Medium
S0401,61.6,1.0,94.4,42.1,9.99,2,8.5,57.7,Medium
S0402,95.5,3.9,44.1,91.2,7.21,3,5.6,77.1,Medium
S0403,88.0,1.5,79.1,88.7,4.84,1,7.1,99.8,Medium
S0404,51.1,1.6,87.9,46.2,7.78,3,7.6,48.0,High
S0405,99.8,5.2,50.3,54.4,5.15,3,4.8,21.0,High
S0406,93.4,3.4,53.0,70.3,5.85,3,5.2,30.1,High
S0407,60.6,7.4,97.7,78.1,6.31,2,6.0,64.3,Low
S0408,91.0,2.9,52.2,61.6,8.52,2,7.5,47.5,Medium
S0409,50.9,5.9,62.9,44.4,5.51,2,6.5,95.2,High
S0410,100.0,4.0,63.1,41.2,5.41,3,7.8,70.2,High
S0411,81.6,5.4,51.4,95.0,4.75,3,8.4,61.6,Medium
S0412,80.8,5.0,85.4,62.3,9.3,1,7.9,83.8,Low
S0413,50.0,4.0,85.2,87.4,8.31,0,9.0,40.7,Low
S0414,94.3,7.6,59.6,63.9,4.72,0,7.9,85.6,Low
S0415,46.6,3.1,89.3,90.3,4.66,0,8.3,20.2,Medium
S0416,58.2,1.8,48.8,40.3,7.57,0,8.2,69.6,High
S0417,52.9,5.6,35.3,41.8,6.05,0,7.8,94.8,Medium
S0418,87.7,6.8,72.1,90.8,7.78,0,8.1,83.0,Low
S0419,55.9,0.8,99.6,91.8,6.89,3,8.7,88.3,Medium
S0420,95.1,3.9,37.5,53.9,9.58,0,6.6,51.8,Low
S0421,81.1,7.2,48.5,56.3,6.08,2,7.4,85.9,Medium
S0422,47.0,6.1,68.7,62.1,8.24,1,6.8,64.1,Medium
S0423,45.3,7.9,87.6,60.0,4.8,0,8.3,69.5,Medium
S0424,47.8,4.5,40.8,46.4,9.76,2,6.4,24.7,High
S0425,78.3,5.4,60.7,88.9,9.89,3,8.2,36.1,Low
S0426,89.1,2.8,83.6,50.2,8.56,3,8.1,64.1,Medium
S0427,58.1,7.6,59.2,77.3,7.06,3,8.8,24.7,Medium
S0428,91.7,3.2,47.3,39.0,5.71,2,5.6,79.3,High
S0429,48.1,6.0,47.7,37.3,8.97,2,7.7,87.2,High
S0430,89.1,3.5,61.7,74.2,8.55,0,7.9,93.6,Low
S0431,96.0,4.7,66.2,55.3,5.72,3,8.7,28.1,High
S0432,87.5,5.9,91.0,74.3,6.98,2,8.6,95.2,Low
S0433,83.4,4.3,76.7,40.6,7.05,1,7.1,25.4,Medium
S0434,91.1,7.3,79.9,92.0,9.05,1,7.1,57.9,Low
S0435,47.2,3.6,98.9,79.9,8.26,2,5.3,87.2,Medium
S0436,56.1,5.4,61.8,87.6,8.04,0,8.9,25.6,Low
S0437,51.9,3.1,61.2,43.2,8.07,3,5.6,21.5,High
S0438,72.7,3.6,95.0,54.2,5.99,1,7.8,22.0,Medium
S0439,86.0,3.8,51.0,57.1,6.54,0,8.1,60.9,Medium
S0440,79.7,1.4,82.4,67.2,4.75,1,6.5,84.9,Medium
S0441,91.8,1.2,84.0,52.8,8.83,3,5.5,30.2,High
S0442,53.5,5.5,41.4,38.6,6.88,1,5.4,30.0,High
S0443,85.4,5.4,65.4,57.1,6.91,2,8.4,65.5,Medium
S0444,55.6,5.5,48.0,50.3,5.85,3,6.8,38.7,High
S0445,59.9,0.6,47.0,58.2,5.65,0,4.9,78.4,High
S0446,84.0,2.9,65.1,46.8,7.73,3,7.7,96.0,High
S0447,98.9,2.0,53.8,50.7,5.78,1,5.6,81.3,High
S0448,78.6,6.3,86.7,72.6,4.85,2,8.4,90.2,Medium
S0449,48.0,7.0,94.0,58.3,8.72,0,5.9,61.6,Low
S0450,78.9,2.4,87.2,55.7,6.57,0,5.4,86.6,Medium
S0451,47.3,5.5,52.3,67.0,6.59,3,4.9,34.6,High
S0452,93.6,1.5,52.8,81.3,6.87,3,6.8,25.5,High
S0453,84.0,2.6,51.6,57.7,8.98,3,6.5,72.5,High
S0454,54.5,1.5,43.8,70.3,6.26,2,7.9,24.2,High
S0455,50.0,2.6,96.3,93.0,8.67,1,6.6,91.4,Low
S0456,55.1,5.6,61.1,66.3,9.67,0,6.0,75.3,Low
S0457,98.9,7.3,49.6,89.6,8.13,1,5.7,96.2,Low
S0458,70.2,2.0,90.0,82.6,6.87,2,5.8,45.1,Medium
S0459,88.1,4.6,60.9,38.5,8.61,1,8.7,58.9,Medium
S0460,80.0,5.8,37.3,60.7,7.02,1,5.2,79.3,Medium
S0461,76.5,7.6,45.5,76.9,6.78,0,8.9,39.4,Low
S0462,53.0,5.1,76.6,94.2,7.39,1,6.0,63.3,Low
S0463,97.0,2.4,85.9,62.5,6.25,0,4.9,72.8,Low
S0464,61.6,5.2,48.7,40.6,5.07,0,5.6,98.3,High
S0465,76.8,2.9,94.6,68.7,6.78,0,4.8,79.6,Low
S0466,83.5,7.8,90.3,42.6,5.18,2,8.1,29.5,Medium
S0467,80.7,3.5,90.1,80.1,6.76,1,6.8,58.0,Low
S0468,96.7,5.6,49.8,65.5,7.56,0,6.0,67.1,Low
S0469,53.2,0.7,38.3,78.4,9.62,2,7.5,31.7,High
S0470,73.0,3.5,91.4,87.2,4.7,0,7.3,54.6,Low
S0471,67.2,7.1,54.9,72.7,7.92,0,8.7,42.7,Low
S0472,71.1,5.1,75.2,71.7,7.02,0,8.8,29.5,Low
S0473,51.6,3.8,84.4,80.3,4.61,1,7.6,61.0,Medium
S0474,52.4,7.5,43.3,85.5,5.87,3,8.2,33.3,High
S0475,60.3,6.9,85.8,87.1,5.15,0,8.1,67.2,Low
S0476,61.8,2.9,96.0,37.2,5.69,1,6.7,33.6,High
S0477,68.5,4.6,82.3,68.4,6.01,0,7.7,77.9,Low
S0478,78.6,4.2,63.7,48.0,6.71,1,4.9,35.6,High
S0479,79.9,5.2,92.0,86.6,7.41,2,7.9,91.7,Low
S0480,67.6,3.0,69.3,73.9,4.51,1,8.8,22.1,High
S0481,67.5,2.3,83.4,60.2,5.39,2,4.9,61.8,High
S0482,57.0,7.3,88.3,46.3,5.01,3,8.3,45.6,High
S0483,77.4,7.4,83.7,55.3,7.52,3,8.7,38.0,Medium
S0484,62.4,6.8,53.7,77.2,6.31,2,5.5,57.7,Medium
S0485,47.0,7.8,42.7,47.3,7.52,2,6.9,87.4,Medium
S0486,68.0,6.1,50.5,40.6,5.72,3,8.7,93.2,High
S0487,71.1,6.2,67.7,88.3,4.63,3,8.8,44.3,Medium
S0488,57.4,6.2,67.8,80.9,9.68,1,5.1,32.3,Low
S0489,76.5,4.1,72.9,47.0,5.1,0,6.1,77.6,Medium
S0490,76.1,3.9,60.7,52.5,5.2,0,7.6,66.6,Medium
S0491,83.6,2.3,86.1,93.3,5.31,3,5.5,36.1,High
S0492,80.6,5.3,94.4,77.5,9.9,2,6.0,80.8,Low
S0493,80.9,2.7,51.0,71.6,7.9,1,4.6,61.5,Medium
S0494,62.4,2.4,82.9,53.5,7.86,1,5.2,72.3,Medium
S0495,88.3,4.9,79.1,52.9,9.93,1,7.0,48.7,Low
S0496,75.2,3.6,69.0,37.4,4.99,3,7.4,55.1,High
S0497,68.7,2.1,47.3,78.7,9.86,2,7.4,34.4,Medium
S0498,79.4,6.6,86.7,37.6,5.62,3,8.0,80.5,High
S0499,64.8,7.0,97.4,35.3,7.93,1,6.4,32.6,Medium
S0500,73.2,1.8,81.9,78.8,6.81,1,5.7,82.3,Medium
S0501,85.5,0.6,94.7,91.9,6.61,0,4.6,83.8,Low
S0502,93.8,3.0,99.0,80.4,9.62,3,5.4,79.7,Low
S0503,95.7,6.5,57.9,63.3,5.32,2,5.9,21.6,Medium
S0504,72.7,6.8,76.5,64.2,9.98,2,5.3,41.9,Low
S0505,73.6,1.5,65.8,61.2,6.59,1,4.6,57.5,High
S0506,89.0,6.3,99.1,54.5,8.07,1,5.2,67.6,Low
S0507,62.3,1.4,41.1,66.3,9.82,3,7.5,93.5,High
S0508,91.1,3.4,61.8,60.9,4.82,1,7.3,50.0,Medium
S0509,72.2,8.0,91.9,70.9,9.58,2,8.7,90.0,Low
S0510,51.4,1.9,53.5,88.9,7.62,0,8.1,33.1,Medium
S0511,49.0,1.7,86.2,94.7,8.37,1,7.1,49.7,Medium
S0512,91.3,3.7,59.9,39.7,5.32,3,5.1,24.2,High
S0513,48.1,5.1,98.7,58.1,7.43,0,7.0,79.4,Low
S0514,60.4,7.5,92.4,45.8,8.2,0,4.8,32.1,Low
S0515,63.4,7.9,54.6,56.1,7.01,3,6.4,40.6,High
S0516,54.5,1.0,85.1,52.2,5.35,1,6.3,82.0,High
S0517,62.3,1.5,56.9,45.5,5.84,1,6.4,62.8,High
S0518,85.8,6.4,74.4,80.8,9.2,2,5.8,21.1,Low
S0519,45.8,2.5,77.8,64.8,4.69,0,7.6,20.2,High
S0520,90.5,7.1,88.9,90.2,8.4,0,8.3,60.9,Low
S0521,92.1,5.5,36.6,37.0,10.0,0,8.0,44.4,Low
S0522,65.5,1.3,49.3,39.0,4.54,0,7.3,34.4,High
S0523,53.4,6.7,81.3,59.2,5.39,0,6.9,69.1,Medium
S0524,78.0,1.8,71.6,39.8,8.21,2,4.6,38.3,High
S0525,51.6,3.7,67.2,50.8,4.83,1,7.8,67.4,High
S0526,65.1,4.6,38.6,94.2,7.74,0,7.0,50.3,Low
S0527,97.7,4.3,57.6,47.5,8.26,0,5.7,34.9,Low
S0528,99.8,5.6,91.2,46.9,7.73,1,6.0,31.0,Low
S0529,87.5,5.4,37.0,69.4,6.51,3,8.7,38.9,High
S0530,62.1,7.9,60.8,64.9,8.34,1,7.3,22.4,Low
S0531,82.8,8.0,96.4,69.8,7.77,0,6.6,44.7,Low
S0532,83.8,4.4,38.3,57.6,5.64,0,7.3,92.2,Medium
S0533,66.3,1.2,83.7,84.6,7.6,1,6.4,86.5,Medium
S0534,80.2,6.0,51.7,43.3,9.35,0,6.6,49.8,Low
S0535,45.6,7.8,91.3,60.7,8.17,3,5.8,66.1,Medium
S0536,56.5,2.9,83.5,76.4,7.09,3,6.5,65.4,High
S0537,73.9,4.0,92.6,87.1,6.27,1,7.6,86.3,Low
S0538,54.0,3.7,49.0,57.2,4.97,3,4.7,38.9,High
S0539,54.1,0.9,69.5,69.1,5.85,1,8.1,43.7,High
S0540,91.0,5.5,85.7,39.1,4.56,0,5.8,44.1,Medium
S0541,99.4,3.2,51.0,45.2,9.93,3,7.6,23.3,Medium
S0542,75.6,6.4,50.0,39.1,5.72,3,7.4,45.2,High
S0543,91.1,6.7,36.8,78.7,8.98,1,7.4,90.2,Low
S0544,99.5,6.7,97.3,52.3,5.43,2,7.2,93.0,Low
S0545,52.8,3.6,81.2,78.4,6.06,0,8.8,28.8,Medium
S0546,69.7,2.9,76.3,39.0,6.8,2,6.8,56.6,High
S0547,66.6,6.1,83.4,86.8,6.28,2,7.8,50.5,Medium
S0548,49.4,6.5,69.6,85.1,8.89,2,7.7,59.1,Low
S0549,86.5,4.2,65.9,40.3,9.77,2,5.6,64.4,Medium
S0550,68.9,7.2,64.2,36.4,9.31,2,5.8,21.6,Medium
S0551,70.8,1.6,76.6,38.4,5.34,2,6.4,87.4,High
S0552,53.3,7.1,48.1,86.2,8.77,3,5.7,97.9,Medium
S0553,55.0,1.2,92.7,49.1,5.31,0,6.2,72.3,High
S0554,94.9,1.7,87.8,67.9,9.52,1,6.3,72.8,Low
S0555,47.5,4.5,57.7,60.6,7.35,1,7.2,62.2,Medium
S0556,57.8,1.0,72.6,82.7,6.35,2,5.5,46.7,High
S0557,61.1,0.9,44.2,64.3,5.36,0,8.1,31.9,High
S0558,72.0,0.5,98.2,65.0,4.56,1,6.5,66.7,High
S0559,77.3,3.8,93.7,94.3,5.86,3,7.7,23.6,Medium
S0560,72.1,6.3,94.9,44.0,9.53,0,4.9,86.0,Low
S0561,49.6,0.8,56.6,84.8,8.88,2,6.6,53.7,High
S0562,58.4,5.4,46.0,38.1,9.83,2,4.6,53.2,High
S0563,91.4,6.7,48.8,63.7,5.05,1,7.5,46.2,Medium
S0564,80.1,1.8,40.9,88.2,7.76,0,6.0,97.5,Low
S0565,80.7,1.6,42.8,74.9,5.91,0,8.8,34.0,Medium
S0566,81.9,7.0,39.6,76.1,7.49,1,6.0,32.1,Low
S0567,87.0,6.7,99.3,50.8,6.26,0,7.0,33.2,Low
S0568,48.2,4.5,39.8,60.1,6.06,0,5.7,72.7,High
S0569,65.2,6.6,43.6,57.0,7.66,0,7.3,99.4,Low
S0570,74.7,1.2,88.8,66.3,5.51,0,6.6,38.8,Medium
S0571,63.6,3.5,72.7,62.7,7.08,3,6.2,92.4,High
S0572,91.4,6.0,85.3,54.6,8.08,2,5.4,42.3,Medium
S0573,71.5,2.4,76.0,53.3,5.21,0,5.0,71.8,Medium
S0574,87.3,6.1,92.3,50.1,9.62,2,5.0,23.2,Low
S0575,91.9,4.3,76.5,56.9,7.28,0,9.0,59.7,Low
S0576,72.8,6.1,68.9,44.0,9.01,1,6.4,72.4,Low
S0577,95.0,4.0,81.3,87.3,8.1,0,4.5,62.9,Low
S0578,77.3,3.3,64.1,71.1,8.41,0,8.8,39.0,Low
S0579,91.8,2.1,57.5,43.0,8.44,0,4.6,86.3,Medium
S0580,63.7,2.1,65.4,76.6,9.31,1,6.4,97.6,Low
S0581,72.4,6.1,46.0,85.9,7.87,1,7.7,56.7,Low
S0582,74.2,1.4,86.8,49.3,6.03,1,8.6,70.9,Medium
S0583,50.8,1.1,51.9,44.0,5.05,2,7.7,83.2,High
S0584,66.9,1.8,45.0,35.5,7.83,2,6.6,39.3,High
S0585,95.5,1.8,51.0,37.8,4.86,2,8.9,89.2,High
S0586,79.7,6.7,89.7,80.7,5.83,2,4.7,42.4,Medium
S0587,54.8,3.5,56.5,94.2,4.83,2,8.9,82.1,Medium
S0588,63.6,7.9,79.6,37.7,7.52,1,8.3,29.0,Medium
S0589,55.5,1.5,90.7,79.9,5.38,0,8.7,43.1,Medium
S0590,46.4,5.4,40.1,39.3,7.86,1,5.6,62.7,High
S0591,96.0,3.9,84.7,70.5,8.85,0,5.1,62.0,Low
S0592,69.7,3.4,55.0,80.4,9.02,3,7.5,88.0,Medium
S0593,61.9,7.1,49.1,56.6,6.2,1,6.8,99.7,Medium
S0594,77.9,7.8,79.8,35.7,7.52,3,6.9,28.6,Medium
S0595,45.4,7.0,94.1,70.7,7.6,3,8.7,41.7,Medium
S0596,60.3,1.9,54.2,94.5,7.1,1,7.3,48.6,Medium
S0597,83.7,2.2,72.0,50.5,8.1,3,5.9,58.3,High
S0598,79.9,5.4,53.8,46.4,5.66,1,6.3,59.5,Medium
S0599,99.0,2.7,71.0,42.4,9.89,0,5.1,88.5,Low
S0600,79.1,6.0,75.4,68.3,5.04,0,5.4,81.6,Low
